{
    "loss": 9.142258644104004,
    "accuracy": 0.5086206793785095
}