{
    "loss": 1.0778756141662598,
    "accuracy": 0.8706896305084229
}